CustomerID,FirstName,LastName,City,JoinDate,LoyaltyPoints,TotalSpend,TotalTransactions,AvgTransactionValue,DaysSinceFirstPurchase,IsHighValue,SpendCategory
1,William,Young,Brisbane,2023-12-19,99,89.36,4,17.96,859,False,Low
2,Zoe,Baker,Sydney,2023-04-16,669,567.86,24,24.2,1106,True,High
3,Zhang,Vu,Melbourne,2025-12-16,763,580.2,14,43.91,131,True,High
4,Tom,Stewart,Melbourne,2023-11-07,180,144.69,4,37.84,901,False,Low
5,Henry,Sharma,Canberra,2023-04-26,29,23.01,1,36.13,1096,False,Low
6,Tom,Edwards,Melbourne,2023-05-22,71,67.31,2,50.73,1070,False,Low
7,Jordan,Green,Melbourne,2022-08-10,92,80.31,2,38.02,1355,False,Low
8,Lucas,Kumar,Melbourne,2026-02-22,1010,958.61,21,45.5,63,True,High
9,Ethan,Smith,Brisbane,2026-03-25,644,497.93,10,48.08,32,False,Medium
10,Nguyen,Do,Perth,2024-04-17,862,649.64,15,44.43,739,True,High
11,William,Clark,Sydney,2025-09-28,91,72.21,2,48.1,210,False,Low
12,Ava,Thompson,Melbourne,2024-10-01,2293,2045.79,31,66.19,572,True,High
13,Zoe,Pham,Perth,2025-01-16,1617,1226.19,16,76.72,465,True,High
14,Park,Iyer,Melbourne,2025-06-28,42,35.74,1,21.92,302,False,Low
15,Cameron,King,Sydney,2023-02-03,155,140.65,3,39.83,1178,False,Low
16,William,Hall,Brisbane,2023-04-01,49,43.47,1,25.25,1121,False,Low
17,Riley,Williams,Perth,2025-03-18,100,85.75,4,20.4,404,False,Low
18,Emily,Turner,Sydney,2025-09-10,184,152.87,6,23.48,228,False,Low
19,Wang,Taylor,Perth,2025-09-10,285,239.99,6,41.6,228,False,Medium
20,Ruby,Nair,Perth,2022-05-17,173,158.89,4,39.09,1440,False,Low
21,Chris,Nair,Melbourne,2025-12-06,84,64.39,2,41.13,141,False,Low
22,Nguyen,Do,Darwin,2024-03-14,33,28.01,1,27.07,773,False,Low
23,Ava,Mehta,Perth,2025-03-05,109,95.53,3,31.4,417,False,Low
24,Oliver,Lewis,Perth,2023-05-26,285,221.07,4,48.81,1066,False,Medium
25,James,Le,Perth,2025-05-10,100,90.41,6,15.64,351,False,Low
26,David,Nair,Sydney,2024-01-03,587,549.15,15,36.52,844,True,High
27,Tom,Williams,Sydney,2024-04-29,257,197.77,6,32.37,727,False,Low
28,Benjamin,Walker,Melbourne,2025-04-17,447,330.79,7,48.23,374,False,Medium
29,Olivia,Dang,Sydney,2024-09-21,131,112.91,7,17.85,582,False,Low
30,Zhang,Pham,Melbourne,2022-05-28,105,87.86,1,68.38,1429,False,Low
31,Wang,Singh,Adelaide,2025-09-07,191,172.49,5,37.44,231,False,Low
32,Ella,Do,Perth,2025-09-23,104,86.4,3,35.44,215,False,Low
33,Ryan,Mehta,Brisbane,2026-03-27,97,83.1,3,24.3,30,False,Low
34,Liu,Martin,Perth,2025-05-26,1949,1634.95,31,52.18,335,True,High
35,Morgan,Nelson,Perth,2024-11-11,1519,1232.23,28,44.25,531,True,High
36,Grace,Stewart,Melbourne,2022-08-03,1003,901.64,14,64.87,1362,True,High
37,Sophie,Mitchell,Sydney,2022-05-08,75,64.28,4,15.01,1449,False,Low
38,Taylor,Adams,Melbourne,2022-08-10,200,189.84,6,33.41,1355,False,Low
39,Lily,Iyer,Brisbane,2024-06-01,529,451.59,11,42.12,694,False,Medium
40,Jamie,Dang,Melbourne,2023-04-03,331,277.52,9,29.37,1119,False,Medium
41,Zhang,Stewart,Brisbane,2025-02-12,71,58.13,2,24.51,438,False,Low
42,Tyler,Nair,Sydney,2022-12-02,323,265.19,9,27.28,1241,False,Medium
43,Henry,Martin,Perth,2023-06-29,103,80.57,3,33.12,1032,False,Low
44,Sarah,Shah,Perth,2025-03-22,482,447.2,22,20.67,400,False,Medium
45,Emma,Turner,Brisbane,2024-02-25,61,56.36,1,52.14,791,False,Low
46,Morgan,Turner,Canberra,2026-01-05,289,232.27,9,27.35,111,False,Medium
47,Sam,Roberts,Perth,2022-07-14,254,245.11,7,33.64,1382,False,Medium
48,Zoe,Williams,Adelaide,2025-09-17,455,374.77,9,39.6,221,False,Medium
49,Dylan,Martin,Adelaide,2024-09-04,160,144.85,6,25.6,599,False,Low
50,Charlotte,Roberts,Perth,2025-10-29,39,29.28,1,28.7,179,False,Low
51,Isabella,Edwards,Brisbane,2026-03-22,809,663.08,27,23.75,35,True,High
52,Wei,Wright,Sydney,2025-11-10,1053,890.42,17,50.79,167,True,High
53,Wang,Joshi,Melbourne,2022-09-02,2310,1779.42,27,65.49,1332,True,High
54,Ethan,Allen,Brisbane,2025-09-06,473,424.3,20,20.77,232,False,Medium
55,David,Morris,Melbourne,2024-06-13,266,235.68,9,27.61,682,False,Medium
56,Sarah,Hoang,Melbourne,2025-08-26,509,463.13,18,25.43,243,False,Medium
57,Singh,Wright,Canberra,2026-03-24,41,35.89,1,27.54,33,False,Low
58,Grace,Harris,Adelaide,2024-10-07,259,215.24,5,43.68,566,False,Medium
59,William,Jones,Perth,2023-09-06,181,146.36,3,51.76,963,False,Low
60,Jamie,Nair,Melbourne,2025-11-16,267,209.22,4,57.11,161,False,Medium
61,Daniel,Walker,Sydney,2023-03-08,241,228.25,4,63.58,1145,False,Medium
62,Wei,Dang,Sydney,2025-03-06,130,109.68,5,27.78,416,False,Low
63,Daniel,Rogers,Melbourne,2024-08-25,393,353.69,15,23.0,609,False,Medium
64,Emily,Campbell,Sydney,2025-04-11,38,32.12,1,29.9,380,False,Low
65,Jessica,Brown,Sydney,2022-05-06,172,124.05,3,43.77,1451,False,Low
66,Cameron,Mehta,Adelaide,2022-08-19,174,142.15,8,18.39,1346,False,Low
67,Sam,Edwards,Brisbane,2024-02-01,387,304.28,4,75.28,815,False,Medium
68,Wang,Mehta,Melbourne,2023-10-08,826,608.91,11,55.58,931,True,High
69,Lauren,Johnson,Sydney,2023-02-10,9,6.95,1,27.06,1171,False,Low
70,David,Mitchell,Melbourne,2022-09-14,1723,1480.1,39,37.6,1320,True,High
71,Matthew,Turner,Sydney,2026-01-30,327,297.82,11,26.66,86,False,Medium
72,David,Le,Adelaide,2024-12-18,120,100.29,3,32.1,494,False,Low
73,Zoe,Stewart,Melbourne,2022-07-07,76,65.42,2,26.43,1389,False,Low
74,Mia,Rogers,Melbourne,2024-09-30,852,790.0,14,57.3,573,True,High
75,Tom,Joshi,Melbourne,2022-08-02,602,493.73,16,29.72,1363,False,Medium
76,Henry,Thompson,Sydney,2024-03-29,599,490.59,11,44.79,758,False,Medium
77,Wei,Wright,Brisbane,2026-01-03,588,438.01,12,35.39,113,False,Medium
78,Zhang,Taylor,Brisbane,2023-04-26,54,46.08,1,35.06,1096,False,Low
79,Tom,Rivera,Brisbane,2024-11-21,50,40.78,2,28.18,521,False,Low
80,Daniel,Shah,Sydney,2025-07-29,60,52.26,1,44.72,271,False,Low
81,James,Evans,Brisbane,2025-02-24,940,740.45,14,52.54,426,True,High
82,Ava,Do,Brisbane,2023-04-20,405,340.37,8,42.49,1102,False,Medium
83,Daniel,Harris,Adelaide,2024-08-26,191,172.42,4,43.46,608,False,Low
84,Zoe,Nair,Melbourne,2023-01-21,20,16.8,1,18.09,1191,False,Low
85,Wei,Mitchell,Melbourne,2025-07-21,153,124.03,3,37.28,279,False,Low
86,Riley,Mehta,Brisbane,2024-01-13,309,253.23,4,61.14,834,False,Medium
87,Ruby,Morris,Brisbane,2023-04-06,743,578.83,13,44.49,1116,True,High
88,Riley,Ho,Melbourne,2022-08-13,250,230.34,12,21.06,1352,False,Medium
89,Oliver,Iyer,Melbourne,2024-06-20,952,840.78,22,37.88,675,True,High
90,Wang,Campbell,Melbourne,2023-09-09,211,168.37,4,39.38,960,False,Low
91,Alex,Sharma,Adelaide,2024-09-30,63,54.77,1,20.26,573,False,Low
92,Dylan,Baker,Melbourne,2023-10-09,324,265.6,13,19.19,930,False,Medium
93,Jordan,Anderson,Adelaide,2023-11-04,345,342.31,12,30.9,904,False,Medium
94,Tom,Bui,Melbourne,2022-10-19,133,94.1,4,23.23,1285,False,Low
95,Grace,Iyer,Canberra,2023-11-27,830,704.14,19,35.63,881,True,High
96,Liu,Ho,Perth,2024-08-11,111,85.4,5,15.21,623,False,Low
97,Zoe,Taylor,Melbourne,2025-02-23,263,224.13,5,43.84,427,False,Medium
98,Casey,Taylor,Adelaide,2026-03-19,45,36.87,1,23.37,38,False,Low
99,Singh,Wright,Sydney,2025-07-03,125,94.5,2,51.92,297,False,Low
100,Emily,Le,Adelaide,2023-11-14,43,33.36,1,26.19,894,False,Low
101,Emma,Murphy,Brisbane,2025-06-16,31,25.92,1,29.68,314,False,Low
102,Sam,King,Sydney,2023-04-17,446,375.19,12,31.29,1105,False,Medium
103,Jamie,Do,Brisbane,2023-06-17,44,34.46,1,22.03,1044,False,Low
104,Lily,Wright,Canberra,2024-01-17,1141,823.02,7,119.56,830,True,High
105,Lauren,Taylor,Sydney,2023-02-07,1006,827.82,25,32.34,1174,True,High
106,Casey,Le,Melbourne,2023-01-11,64,47.42,1,53.76,1201,False,Low
107,Emily,Edwards,Perth,2026-01-20,70,59.5,3,18.53,96,False,Low
108,Jessica,Collins,Perth,2022-04-30,514,402.99,10,42.4,1457,False,Medium
109,Daniel,Clark,Melbourne,2023-04-12,117,90.86,2,40.03,1110,False,Low
110,Hannah,Rogers,Sydney,2022-10-30,60,51.59,1,29.89,1274,False,Low
111,Daniel,Pham,Sydney,2026-02-26,18,15.54,1,23.26,59,False,Low
112,Jamie,Lewis,Brisbane,2024-08-03,13,9.98,1,26.63,631,False,Low
113,Lily,Baker,Melbourne,2023-09-28,886,765.81,22,34.62,941,True,High
114,Sam,Adams,Canberra,2025-07-25,1903,1686.42,14,118.9,275,True,High
115,Ava,Gupta,Sydney,2025-10-19,360,314.35,10,33.61,189,False,Medium
116,Kim,Mitchell,Brisbane,2023-01-09,1152,995.61,21,48.2,1203,True,High
117,Hannah,Wright,Sydney,2024-06-25,1853,1460.97,17,86.34,670,True,High
118,Wang,Anderson,Sydney,2023-12-23,57,45.68,3,19.33,855,False,Low
119,Grace,Iyer,Melbourne,2025-04-08,879,698.92,18,39.51,383,True,High
120,Sophie,Tran,Melbourne,2026-02-18,211,171.17,7,28.94,67,False,Low
121,Ava,Joshi,Brisbane,2024-05-23,861,747.41,21,35.17,703,True,High
122,Alex,Tran,Adelaide,2022-05-01,1052,837.91,23,36.21,1456,True,High
123,Grace,Le,Brisbane,2022-07-18,23,17.66,2,21.57,1378,False,Low
124,Sophie,White,Canberra,2023-02-17,238,191.01,5,33.83,1164,False,Low
125,Sarah,Baker,Adelaide,2022-05-11,53,42.96,1,17.74,1446,False,Low
126,Noah,Gupta,Brisbane,2025-04-11,171,150.29,3,53.85,380,False,Low
127,Liam,Rivera,Perth,2022-09-26,1155,949.07,19,49.03,1308,True,High
128,Chloe,Martin,Brisbane,2024-07-08,478,421.63,14,30.73,657,False,Medium
129,Casey,Turner,Sydney,2025-03-30,31,26.21,1,23.49,392,False,Low
130,Wang,Ho,Perth,2026-01-30,350,327.03,9,37.73,86,False,Medium
131,Sam,Smith,Sydney,2023-10-11,150,140.56,5,21.47,928,False,Low
132,Ethan,Wright,Brisbane,2022-10-19,287,242.1,3,82.18,1285,False,Medium
133,Casey,Patel,Brisbane,2023-12-05,45,38.89,1,36.99,873,False,Low
134,Ella,Bui,Sydney,2026-03-01,128,106.23,3,38.85,56,False,Low
135,Park,Clark,Sydney,2025-04-01,1670,1403.92,25,55.04,390,True,High
136,Chen,Clark,Adelaide,2023-05-14,90,75.0,2,23.35,1078,False,Low
137,Chen,Iyer,Brisbane,2025-10-25,461,369.28,6,57.47,183,False,Medium
138,Riley,Green,Sydney,2025-09-13,444,382.05,10,36.77,225,False,Medium
139,Jack,Nelson,Brisbane,2026-03-05,113,95.31,2,52.34,52,False,Low
140,Megan,Baker,Brisbane,2025-04-09,1695,1287.76,31,41.14,382,True,High
141,Zoe,Stewart,Melbourne,2024-03-17,2069,1724.2,23,74.97,770,True,High
142,Nguyen,Le,Canberra,2025-11-13,206,173.81,4,38.53,164,False,Low
143,Sarah,Iyer,Brisbane,2023-03-05,884,732.63,7,102.27,1148,True,High
144,Tom,Morris,Melbourne,2023-05-08,81,67.9,3,25.88,1084,False,Low
145,Grace,Robinson,Perth,2023-06-24,176,153.7,4,34.87,1037,False,Low
146,James,Tran,Adelaide,2024-04-06,31,27.37,1,17.14,750,False,Low
147,Jack,Young,Sydney,2022-06-23,161,141.52,7,26.16,1403,False,Low
148,Sam,Morris,Sydney,2026-02-03,300,236.51,5,44.9,82,False,Medium
149,Liu,Dang,Sydney,2025-06-18,121,105.48,2,55.98,312,False,Low
150,Sarah,Bailey,Brisbane,2023-09-12,534,449.79,3,154.36,957,False,Medium
151,Chen,Jones,Brisbane,2024-02-01,1272,1012.54,27,37.97,815,True,High
152,Lily,Williams,Brisbane,2025-06-21,154,131.18,7,19.03,309,False,Low
153,Grace,Mehta,Canberra,2025-09-22,239,191.08,4,45.97,216,False,Low
154,Tyler,Wilson,Perth,2026-02-11,59,54.72,4,18.8,74,False,Low
155,Matthew,Young,Sydney,2023-09-10,2549,2142.93,37,57.84,959,True,High
156,Riley,Le,Melbourne,2023-08-24,39,32.49,1,23.84,976,False,Low
157,Park,Harris,Melbourne,2022-08-14,538,447.25,11,38.12,1351,False,Medium
158,Sophia,Do,Melbourne,2023-01-14,369,345.89,6,60.34,1198,False,Medium
159,Wei,Rivera,Brisbane,2025-05-17,31,24.04,1,29.28,344,False,Low
160,Michael,Nair,Adelaide,2025-05-10,692,611.78,11,55.26,351,True,High
161,Jessica,Baker,Melbourne,2022-08-24,83,67.48,1,50.27,1341,False,Low
162,Isabella,Shah,Melbourne,2022-07-21,189,157.69,11,14.75,1375,False,Low
163,Park,Campbell,Perth,2024-07-13,194,151.54,6,22.26,652,False,Low
164,Charlotte,Shah,Melbourne,2025-07-12,133,97.02,8,15.76,288,False,Low
165,Michael,Shah,Sydney,2023-01-11,773,705.04,8,90.48,1201,True,High
166,Jamie,Bailey,Melbourne,2025-05-29,495,431.11,12,35.49,332,False,Medium
167,Lauren,Do,Sydney,2024-09-01,271,222.86,3,81.34,602,False,Medium
168,Nguyen,Edwards,Canberra,2024-11-25,6,5.0,1,13.03,517,False,Low
169,Wei,Vu,Sydney,2025-03-22,18,14.11,1,22.03,400,False,Low
170,Ruby,Thompson,Melbourne,2023-11-25,650,512.67,10,50.11,883,True,High
171,Chen,Iyer,Melbourne,2024-01-01,573,460.36,13,37.6,846,False,Medium
172,Jordan,Nelson,Darwin,2023-07-03,101,83.01,2,40.23,1028,False,Low
173,Matthew,Collins,Sydney,2024-08-18,138,105.04,5,17.91,616,False,Low
174,Grace,Ho,Sydney,2024-05-22,572,516.44,8,64.92,704,True,High
175,Oliver,Wilson,Sydney,2024-12-05,295,244.92,5,50.09,507,False,Medium
176,Ella,Pham,Sydney,2024-12-09,50,44.17,1,38.14,503,False,Low
177,Megan,Williams,Sydney,2024-04-22,349,274.87,11,25.25,734,False,Medium
178,Noah,Lewis,Brisbane,2023-04-12,221,209.66,5,37.76,1110,False,Medium
179,Ryan,Gupta,Sydney,2024-11-20,1119,934.15,26,36.57,522,True,High
180,Hannah,Allen,Sydney,2025-03-19,77,62.63,5,12.68,403,False,Low
181,Emily,Edwards,Perth,2025-06-22,107,95.52,3,30.81,308,False,Low
182,Michael,Mitchell,Melbourne,2022-06-20,26,22.29,1,27.97,1406,False,Low
183,Megan,Wright,Melbourne,2024-02-07,1642,1366.91,22,64.09,809,True,High
184,Isabella,White,Melbourne,2023-11-30,435,340.79,20,17.16,878,False,Medium
185,Mason,Wilson,Canberra,2024-10-11,94,84.1,2,35.3,562,False,Low
186,Lauren,Adams,Sydney,2024-07-03,219,193.38,9,20.19,662,False,Low
187,Daniel,Clark,Adelaide,2024-09-22,939,727.99,17,42.51,581,True,High
188,Hannah,Hoang,Perth,2022-12-19,452,384.03,10,40.05,1224,False,Medium
189,Mason,Harris,Sydney,2023-12-12,43,37.51,1,31.58,866,False,Low
190,Ryan,Cook,Darwin,2024-03-04,170,134.86,3,47.82,783,False,Low
191,Jessica,Singh,Sydney,2025-01-23,24,20.79,1,15.49,458,False,Low
192,Noah,Rogers,Sydney,2025-04-15,1896,1478.65,23,64.21,376,True,High
193,Daniel,Kumar,Perth,2025-12-11,661,575.95,20,29.53,136,True,High
194,Liu,Nelson,Brisbane,2022-12-18,223,187.49,12,16.74,1225,False,Low
195,Chloe,Evans,Brisbane,2024-04-01,77,60.23,2,27.45,755,False,Low
196,Mason,Williams,Sydney,2024-06-02,10,8.68,1,12.0,693,False,Low
197,Liam,Sharma,Melbourne,2025-02-17,684,542.36,14,39.64,433,True,High
198,Nguyen,Mitchell,Perth,2022-10-15,738,617.6,18,35.08,1289,True,High
199,Olivia,Rivera,Melbourne,2022-07-24,1467,1079.92,16,67.78,1372,True,High
200,Sam,Lewis,Melbourne,2026-01-11,938,707.7,14,48.87,105,True,High
201,Sophia,King,Sydney,2026-02-09,169,154.47,9,18.04,76,False,Low
202,Megan,Scott,Sydney,2024-11-17,71,57.54,3,19.25,525,False,Low
203,Liam,Robinson,Adelaide,2023-02-05,186,163.92,4,40.6,1176,False,Low
204,Wang,Martin,Melbourne,2022-12-21,1432,1177.93,21,56.9,1222,True,High
205,Zhang,Cook,Darwin,2022-12-01,420,348.14,6,62.43,1242,False,Medium
206,Emma,Mehta,Melbourne,2024-03-02,48,43.08,1,58.48,785,False,Low
207,Ethan,Cook,Brisbane,2022-11-22,42,32.66,1,28.95,1251,False,Low
208,Hannah,Nelson,Sydney,2025-07-31,549,451.65,11,40.94,269,False,Medium
209,William,Kumar,Melbourne,2025-11-29,84,71.77,1,61.23,148,False,Low
210,Emma,Campbell,Sydney,2023-11-20,32,27.51,1,26.06,888,False,Low
211,Riley,Anderson,Melbourne,2024-01-12,387,319.24,8,40.11,835,False,Medium
212,Megan,Clark,Melbourne,2026-01-15,502,407.3,14,29.74,101,False,Medium
213,Ella,Iyer,Darwin,2023-07-30,392,329.47,12,26.35,1001,False,Medium
214,James,Campbell,Brisbane,2022-11-29,48,49.79,2,31.79,1244,False,Low
215,Mason,Hall,Sydney,2023-02-15,286,238.44,10,25.51,1166,False,Medium
216,Ava,Mehta,Sydney,2024-01-11,104,95.42,3,28.97,836,False,Low
217,Jordan,Anderson,Sydney,2023-06-21,6,5.0,1,18.53,1040,False,Low
218,Benjamin,Iyer,Brisbane,2023-08-13,393,361.02,10,32.48,987,False,Medium
219,Charlotte,Sharma,Perth,2023-09-22,602,554.22,13,42.54,947,True,High
220,Grace,Adams,Canberra,2025-12-13,690,531.54,18,29.24,134,True,High
221,Lucas,Turner,Sydney,2022-06-04,349,297.47,9,34.4,1422,False,Medium
222,Wei,Adams,Melbourne,2023-05-17,412,352.37,10,35.71,1075,False,Medium
223,Singh,Do,Melbourne,2022-07-18,184,148.92,4,38.83,1378,False,Low
224,Casey,Hall,Brisbane,2023-07-10,95,80.91,3,29.68,1021,False,Low
225,Ryan,Brown,Melbourne,2023-10-01,165,120.85,2,55.68,938,False,Low
226,Sarah,Wright,Brisbane,2024-07-07,6,5.26,1,12.0,658,False,Low
227,William,Turner,Brisbane,2024-04-29,7127,5797.96,35,165.22,727,True,High
228,Ava,Walker,Sydney,2023-12-05,235,183.87,7,20.56,873,False,Low
229,Nathan,Patel,Perth,2026-03-23,1409,1060.7,23,46.31,34,True,High
230,Emma,Anderson,Sydney,2025-08-14,277,242.85,11,21.87,255,False,Medium
231,Daniel,Bui,Brisbane,2025-01-13,579,496.09,10,49.04,468,False,Medium
232,Noah,Morris,Melbourne,2023-08-24,379,290.93,7,37.68,976,False,Medium
233,Singh,Wilson,Melbourne,2024-07-31,153,120.71,5,24.39,634,False,Low
234,Zhang,Young,Adelaide,2025-06-14,349,271.46,5,56.78,316,False,Medium
235,Chen,King,Adelaide,2024-01-31,41,37.5,2,28.25,816,False,Low
236,Hannah,Dang,Perth,2023-08-23,844,637.67,14,45.61,977,True,High
237,Dylan,Lewis,Melbourne,2026-02-03,14,12.68,1,19.41,82,False,Low
238,Lauren,Kumar,Brisbane,2023-02-15,73,59.71,1,29.56,1166,False,Low
239,Michael,King,Melbourne,2025-09-29,1152,969.85,10,94.33,209,True,High
240,Jack,Martin,Adelaide,2025-11-24,449,397.84,8,51.67,153,False,Medium
241,Jessica,Iyer,Melbourne,2025-07-04,1259,1158.59,25,46.77,296,True,High
242,Ethan,Tran,Canberra,2025-06-05,1062,1001.27,28,35.72,325,True,High
243,Emily,Young,Adelaide,2024-03-28,1363,1126.61,27,40.95,759,True,High
244,Michael,Anderson,Perth,2025-07-10,229,212.36,6,35.25,290,False,Medium
245,Nathan,Nair,Sydney,2026-02-11,32,28.71,1,38.42,74,False,Low
246,Riley,Hoang,Sydney,2022-08-09,801,677.12,25,27.12,1356,True,High
247,Ava,Murphy,Perth,2026-02-20,261,263.63,6,45.51,65,False,Medium
248,Park,Nguyen,Sydney,2025-11-11,1074,850.72,28,30.06,166,True,High
249,James,Harris,Perth,2022-08-17,2261,2244.6,26,86.74,1348,True,High
250,Liam,Mehta,Melbourne,2024-10-16,707,592.28,22,27.27,557,True,High
251,Ava,Lewis,Melbourne,2024-09-23,197,164.11,4,36.67,580,False,Low
252,Lily,Jones,Adelaide,2022-05-31,321,258.62,5,54.03,1426,False,Medium
253,Morgan,Rivera,Brisbane,2024-07-30,660,551.21,17,33.7,635,True,High
254,Riley,Sharma,Brisbane,2022-12-29,258,189.72,5,37.66,1214,False,Low
255,Sam,Nelson,Melbourne,2022-06-27,643,528.35,8,66.72,1399,True,High
256,Sophia,White,Melbourne,2025-06-03,520,404.84,9,44.13,327,False,Medium
257,Jack,Tran,Perth,2024-01-27,1252,1095.88,23,47.44,820,True,High
258,Mia,White,Sydney,2023-12-17,201,165.82,10,16.63,861,False,Low
259,Jordan,Vu,Adelaide,2026-01-06,281,212.18,10,21.31,110,False,Medium
260,James,Bailey,Adelaide,2023-11-14,50,42.66,1,53.7,894,False,Low
261,Liu,Scott,Melbourne,2022-11-23,601,494.16,11,44.81,1250,False,Medium
262,Henry,Dang,Brisbane,2024-01-05,2916,2281.22,36,63.0,842,True,High
263,Taylor,Edwards,Brisbane,2025-11-27,33,28.5,1,43.1,150,False,Low
264,William,Kumar,Melbourne,2023-06-18,524,510.56,8,63.83,1043,True,High
265,David,Le,Darwin,2023-07-07,941,771.28,22,34.35,1024,True,High
266,Mia,Vu,Sydney,2025-12-25,488,381.78,10,37.42,122,False,Medium
267,Chen,Rivera,Sydney,2024-10-13,188,172.17,7,21.79,560,False,Low
268,Park,White,Melbourne,2023-05-16,236,188.38,10,19.69,1076,False,Low
269,Jessica,Rogers,Melbourne,2024-06-20,6,5.0,1,13.92,675,False,Low
270,Ella,Hoang,Brisbane,2025-02-12,64,62.44,3,19.81,438,False,Low
271,Sophie,Scott,Perth,2024-07-22,1306,1160.59,15,77.01,643,True,High
272,Jordan,Jones,Brisbane,2025-07-26,296,253.33,12,19.4,274,False,Medium
273,Oliver,Anderson,Brisbane,2026-01-16,814,686.42,20,33.43,100,True,High
274,Anh,Nair,Sydney,2025-01-03,624,546.83,22,24.49,478,True,High
275,Hannah,White,Melbourne,2026-01-27,262,230.99,9,24.39,89,False,Medium
276,Nathan,Bailey,Sydney,2024-12-28,91,68.48,2,35.68,484,False,Low
277,Kim,Nguyen,Sydney,2025-02-23,361,303.19,12,26.79,427,False,Medium
278,Emily,Evans,Melbourne,2024-01-09,742,648.13,11,58.76,838,True,High
279,Megan,Rogers,Sydney,2023-10-31,820,685.33,9,74.51,908,True,High
280,Jordan,King,Melbourne,2024-04-17,274,220.55,14,15.05,739,False,Medium
281,Ethan,Stewart,Sydney,2025-01-11,723,600.71,20,29.41,470,True,High
282,William,Mehta,Canberra,2022-09-12,147,123.98,4,32.6,1322,False,Low
283,Taylor,Edwards,Canberra,2022-10-28,194,168.67,3,57.55,1276,False,Low
284,Sophie,Vu,Brisbane,2024-06-29,36,30.98,1,23.73,666,False,Low
285,Chloe,Murphy,Adelaide,2024-06-10,219,190.34,6,33.09,685,False,Low
286,Mason,Harris,Perth,2022-06-17,30,24.28,2,16.01,1409,False,Low
287,Ethan,Walker,Brisbane,2024-12-04,91,81.47,5,15.4,508,False,Low
288,Lucas,Anderson,Sydney,2023-05-10,613,497.77,7,69.48,1082,False,Medium
289,Zoe,Joshi,Perth,2022-05-19,142,108.07,9,12.34,1438,False,Low
290,Liu,Cook,Brisbane,2022-10-20,662,539.65,5,111.42,1284,True,High
291,Lauren,Hoang,Brisbane,2024-08-24,197,168.04,4,44.77,610,False,Low
292,Sophia,Do,Perth,2025-01-18,51,46.77,1,43.71,463,False,Low
293,Lucas,Mehta,Melbourne,2024-12-14,641,483.27,10,48.04,498,False,Medium
294,Alex,Nelson,Brisbane,2024-07-06,35,31.48,1,27.86,659,False,Low
295,Matthew,Patel,Adelaide,2024-08-01,58,45.54,1,37.72,633,False,Low
296,Emily,Green,Melbourne,2023-06-06,262,209.81,7,29.96,1055,False,Medium
297,David,Iyer,Brisbane,2024-06-20,774,654.98,14,46.5,675,True,High
298,Chen,Bailey,Melbourne,2024-03-16,71,60.1,2,30.39,771,False,Low
299,Benjamin,Nelson,Brisbane,2025-06-28,201,190.59,8,21.67,302,False,Low
300,Taylor,Dang,Perth,2022-05-06,73,59.33,2,18.92,1451,False,Low
301,Jack,Stewart,Sydney,2024-04-22,44,35.11,3,17.65,734,False,Low
302,Dylan,Gupta,Brisbane,2024-07-14,237,212.73,4,54.14,651,False,Medium
303,Matthew,Bailey,Sydney,2025-08-21,175,147.19,6,24.45,248,False,Low
304,Morgan,Wilson,Brisbane,2025-02-21,153,126.77,9,14.53,429,False,Low
305,Emma,Shah,Melbourne,2023-09-18,722,578.74,13,42.45,951,True,High
306,Alex,Dang,Perth,2024-11-30,3224,2685.6,32,83.82,512,True,High
307,Daniel,Jones,Sydney,2023-08-13,300,280.42,6,48.75,987,False,Medium
308,Emma,Williams,Brisbane,2024-07-18,117,101.19,4,23.06,647,False,Low
309,Ruby,Roberts,Sydney,2023-06-28,304,249.24,13,18.86,1033,False,Medium
310,Ella,Vu,Perth,2025-12-19,43,33.65,1,29.09,128,False,Low
311,Sophia,White,Adelaide,2023-09-24,202,175.92,5,29.76,945,False,Low
312,Mason,Jones,Darwin,2024-06-08,32,23.17,1,17.91,687,False,Low
313,Grace,Cook,Perth,2022-11-02,38,36.12,1,40.67,1271,False,Low
314,Lauren,Iyer,Perth,2023-06-13,2956,2559.43,27,95.88,1048,True,High
315,Tom,Edwards,Sydney,2025-09-19,733,613.87,15,41.09,219,True,High
316,Tom,Do,Melbourne,2025-08-09,467,394.49,10,37.49,260,False,Medium
317,Lucas,Iyer,Melbourne,2024-03-16,153,138.63,7,20.0,771,False,Low
318,Megan,Baker,Perth,2023-02-17,39,31.78,1,65.38,1164,False,Low
319,Megan,Smith,Adelaide,2025-11-17,63,51.38,2,29.43,160,False,Low
320,Ruby,Taylor,Sydney,2025-12-16,101,83.71,3,22.94,131,False,Low
321,William,Allen,Adelaide,2022-06-07,472,384.61,11,34.22,1419,False,Medium
322,Nathan,Nair,Brisbane,2025-02-25,446,382.14,9,43.86,425,False,Medium
323,Mason,Clark,Brisbane,2025-04-15,305,284.88,8,36.67,376,False,Medium
324,James,Williams,Sydney,2025-11-27,61,53.32,1,59.48,150,False,Low
325,Emma,Bailey,Sydney,2022-12-31,1426,1175.66,24,49.4,1212,True,High
326,Wang,Green,Brisbane,2022-09-08,565,465.39,16,30.99,1326,False,Medium
327,Jamie,Allen,Brisbane,2023-08-29,209,173.81,4,40.59,971,False,Low
328,William,Tran,Sydney,2026-03-25,346,278.18,6,43.22,32,False,Medium
329,Noah,Rivera,Melbourne,2025-09-30,129,112.1,8,16.86,208,False,Low
330,Jessica,Iyer,Perth,2025-05-18,92,76.18,1,57.52,343,False,Low
331,Ethan,Jones,Perth,2025-10-20,201,161.35,6,27.15,188,False,Low
332,Henry,Bui,Adelaide,2023-07-16,359,301.25,9,31.43,1015,False,Medium
333,Nguyen,Clark,Melbourne,2025-01-19,150,136.65,3,45.36,462,False,Low
334,Liu,Baker,Melbourne,2023-09-10,54,47.72,1,45.69,959,False,Low
335,Lauren,Williams,Perth,2022-07-05,33,26.16,1,20.57,1391,False,Low
336,Isabella,Hall,Melbourne,2025-11-23,46,34.92,1,46.77,154,False,Low
337,Park,Joshi,Sydney,2024-03-16,793,612.92,20,29.75,771,True,High
338,Ava,Gupta,Sydney,2023-09-26,1137,933.36,11,86.38,943,True,High
339,Cameron,Pham,Melbourne,2026-01-10,112,101.82,5,21.57,106,False,Low
340,Olivia,Nelson,Melbourne,2025-08-17,175,146.22,4,34.59,252,False,Low
341,Chen,Mitchell,Melbourne,2025-09-20,313,236.56,11,22.2,218,False,Medium
342,Tom,Nelson,Melbourne,2024-09-30,927,741.83,7,104.31,573,True,High
343,Casey,Hoang,Sydney,2025-08-11,43,36.57,1,15.93,258,False,Low
344,Alex,Le,Brisbane,2024-01-02,230,184.23,4,42.26,845,False,Low
345,Jamie,Adams,Brisbane,2022-08-11,5,5.0,1,22.03,1354,False,Low
346,Matthew,Stewart,Brisbane,2023-10-01,296,258.3,9,28.49,938,False,Medium
347,Isabella,Le,Sydney,2025-06-22,254,227.88,5,42.49,308,False,Medium
348,Ruby,Robinson,Melbourne,2024-07-12,121,98.15,2,58.95,653,False,Low
349,David,Young,Brisbane,2023-12-09,863,686.3,9,75.05,869,True,High
350,Henry,Pham,Brisbane,2022-09-15,231,194.81,11,16.8,1319,False,Low
351,Taylor,Nguyen,Melbourne,2026-03-27,191,169.42,5,37.52,30,False,Low
352,Matthew,Singh,Melbourne,2026-02-01,1714,1430.48,19,74.63,84,True,High
353,James,Young,Adelaide,2022-09-28,267,230.33,14,16.16,1306,False,Medium
354,Grace,Adams,Melbourne,2022-08-03,259,227.74,6,36.33,1362,False,Medium
355,Tyler,Walker,Melbourne,2025-06-12,19,15.73,1,30.22,318,False,Low
356,Kim,Thompson,Brisbane,2023-06-17,526,461.5,11,41.75,1044,False,Medium
357,David,Anderson,Melbourne,2022-08-14,5,5.0,1,19.7,1351,False,Low
358,Jessica,Baker,Melbourne,2024-01-17,150,137.15,10,17.13,830,False,Low
359,Riley,Robinson,Melbourne,2023-03-13,608,567.09,26,21.73,1140,True,High
360,Taylor,Anderson,Perth,2024-01-13,154,125.89,2,54.69,834,False,Low
361,Daniel,Nair,Sydney,2025-10-02,281,231.63,4,56.96,206,False,Medium
362,Isabella,Morris,Sydney,2024-10-31,476,394.15,10,39.51,542,False,Medium
363,Zoe,Campbell,Melbourne,2025-10-24,58,46.77,2,24.79,184,False,Low
364,Charlotte,Young,Perth,2025-08-05,162,124.73,9,15.43,264,False,Low
365,Tom,Thompson,Sydney,2022-06-02,1320,1145.07,22,52.2,1424,True,High
366,Lucas,Taylor,Darwin,2022-11-29,53,42.95,2,18.31,1244,False,Low
367,David,Stewart,Melbourne,2024-10-19,1171,1091.05,33,33.26,554,True,High
368,Wang,Robinson,Darwin,2025-02-21,790,602.73,19,31.13,429,True,High
369,Sophie,Morris,Adelaide,2024-02-09,95,86.19,3,27.75,807,False,Low
370,Sam,Baker,Melbourne,2022-06-09,28,24.78,1,20.03,1417,False,Low
371,Jessica,Dang,Sydney,2023-01-31,229,199.03,6,30.95,1181,False,Low
372,Sophie,Turner,Sydney,2026-03-19,15,13.46,1,21.36,38,False,Low
373,Ruby,Adams,Sydney,2024-06-14,65,54.36,1,44.47,681,False,Low
374,Jordan,Bailey,Brisbane,2023-04-12,762,625.93,11,57.43,1110,True,High
375,Ella,Nguyen,Sydney,2024-07-20,82,69.29,2,32.1,645,False,Low
376,Emma,Bailey,Melbourne,2023-03-23,33,30.49,1,40.18,1130,False,Low
377,Mason,Turner,Melbourne,2024-11-24,2372,1745.84,17,103.5,518,True,High
378,Emma,Nair,Adelaide,2025-05-12,21,17.2,1,15.82,349,False,Low
379,Chris,Rogers,Sydney,2025-02-12,301,213.06,11,21.94,438,False,Medium
380,Mia,Scott,Sydney,2024-11-30,252,221.76,5,45.24,512,False,Medium
381,Anh,Campbell,Sydney,2022-06-25,81,63.81,1,87.91,1401,False,Low
382,Casey,Nelson,Adelaide,2023-09-09,442,349.83,11,30.74,960,False,Medium
383,Wang,Vu,Brisbane,2024-07-22,881,748.62,9,81.43,643,True,High
384,Wei,Cook,Sydney,2022-12-07,928,706.86,18,39.99,1236,True,High
385,Ella,Iyer,Sydney,2024-04-25,522,447.06,17,25.92,731,False,Medium
386,Alex,Allen,Melbourne,2022-05-07,435,371.69,15,23.88,1450,False,Medium
387,Alex,Campbell,Sydney,2025-05-09,53,57.22,1,43.68,352,False,Low
388,David,Dang,Canberra,2024-06-23,27,22.12,1,18.9,672,False,Low
389,Lauren,Stewart,Perth,2023-08-25,577,527.47,14,36.89,975,True,High
390,Sarah,Harris,Melbourne,2025-02-08,1434,1240.82,16,78.16,442,True,High
391,Jessica,Turner,Adelaide,2023-10-27,1917,1714.91,39,43.94,912,True,High
392,Charlotte,Roberts,Sydney,2025-11-25,515,439.94,7,63.85,152,False,Medium
393,Wang,Rogers,Brisbane,2023-09-14,8,6.21,1,17.22,955,False,Low
394,Zoe,Murphy,Perth,2024-10-18,545,453.82,16,28.33,555,False,Medium
395,Noah,Mitchell,Melbourne,2026-02-15,26,20.7,1,15.49,70,False,Low
396,Kim,Harris,Perth,2022-11-04,1276,980.46,23,41.87,1269,True,High
397,William,Wilson,Melbourne,2024-06-24,1265,1080.78,20,53.84,671,True,High
398,Nathan,Morris,Melbourne,2025-02-02,206,176.98,5,33.47,448,False,Low
399,Sophia,Morris,Sydney,2025-03-25,1246,975.8,15,64.4,397,True,High
400,Oliver,Kumar,Melbourne,2024-09-30,509,396.75,14,25.46,573,False,Medium
401,Lucas,Nguyen,Brisbane,2025-10-01,139,110.25,4,34.35,207,False,Low
402,Lucas,Young,Canberra,2024-10-26,844,751.2,24,31.73,547,True,High
403,Casey,Robinson,Brisbane,2024-11-11,270,218.96,5,39.37,531,False,Medium
404,Dylan,Morris,Adelaide,2024-04-27,950,785.9,17,46.54,729,True,High
405,Noah,Johnson,Perth,2024-03-23,72,56.11,1,42.82,764,False,Low
406,David,Singh,Sydney,2025-10-10,596,516.65,20,25.66,198,True,High
407,Jamie,Turner,Melbourne,2025-06-25,164,153.62,6,20.34,305,False,Low
408,Park,Kumar,Sydney,2022-07-24,6,5.0,1,20.38,1372,False,Low
409,Daniel,Jones,Brisbane,2024-04-11,800,803.95,22,35.71,745,True,High
410,Ella,Johnson,Canberra,2025-12-18,66,58.06,1,31.82,129,False,Low
411,Morgan,Baker,Sydney,2024-01-09,290,259.4,6,45.77,838,False,Medium
412,Emily,Singh,Brisbane,2023-05-06,942,842.8,27,30.78,1086,True,High
413,David,Morris,Brisbane,2024-05-28,708,621.22,26,24.45,698,True,High
414,Ruby,Allen,Brisbane,2026-01-21,1317,1015.25,10,101.48,95,True,High
415,William,White,Melbourne,2023-12-31,122,96.55,5,20.08,847,False,Low
416,James,Hall,Melbourne,2025-05-15,369,312.84,7,49.84,346,False,Medium
417,Ethan,Turner,Sydney,2024-10-03,49,38.23,1,31.87,570,False,Low
418,Zoe,Do,Sydney,2025-05-13,283,254.15,7,36.0,348,False,Medium
419,Lucas,Wilson,Sydney,2024-10-28,366,331.79,9,34.4,545,False,Medium
420,Park,Shah,Brisbane,2025-09-04,504,396.96,13,29.83,234,False,Medium
421,Zhang,Johnson,Sydney,2024-07-17,883,708.61,15,44.95,648,True,High
422,Olivia,Edwards,Adelaide,2025-05-25,314,269.63,9,29.78,336,False,Medium
423,Riley,Dang,Melbourne,2026-04-10,62,55.71,1,57.29,16,False,Low
424,Michael,Adams,Brisbane,2025-09-19,514,390.44,9,43.69,219,False,Medium
425,Tom,Stewart,Melbourne,2026-03-04,127,119.14,3,41.91,53,False,Low
426,Nguyen,Ho,Brisbane,2026-02-13,200,173.76,8,25.86,72,False,Low
427,Mason,Do,Canberra,2023-09-05,66,53.98,2,28.64,964,False,Low
428,Chen,King,Sydney,2024-09-16,645,480.12,21,24.34,587,False,Medium
429,Olivia,Gupta,Sydney,2024-07-08,203,165.24,6,26.41,657,False,Low
430,Grace,Shah,Perth,2023-12-22,6,5.0,1,17.44,856,False,Low
431,Grace,Nguyen,Sydney,2023-02-22,272,235.83,4,62.31,1159,False,Medium
432,Wang,Roberts,Sydney,2024-08-02,488,391.9,11,36.54,632,False,Medium
433,Dylan,Evans,Melbourne,2026-01-07,307,254.25,7,36.76,109,False,Medium
434,Ruby,Gupta,Sydney,2022-05-06,29,27.0,1,26.9,1451,False,Low
435,Oliver,Roberts,Brisbane,2022-11-01,149,117.55,3,33.76,1272,False,Low
436,Ella,Nguyen,Sydney,2023-10-28,1845,1444.18,12,121.07,911,True,High
437,Chloe,Collins,Adelaide,2023-04-23,42,32.91,1,25.71,1099,False,Low
438,Chen,Stewart,Perth,2022-10-11,418,347.31,11,27.85,1293,False,Medium
439,Jessica,Ho,Brisbane,2024-09-29,461,410.66,9,45.0,574,False,Medium
440,William,Edwards,Brisbane,2023-10-21,34,33.29,3,12.0,918,False,Low
441,Henry,White,Adelaide,2025-04-30,24,19.7,1,31.39,361,False,Low
442,Ryan,Wright,Sydney,2024-06-11,1981,1539.62,37,41.69,684,True,High
443,Chris,Roberts,Adelaide,2023-02-20,32,25.19,2,19.24,1161,False,Low
444,Chen,Cook,Perth,2025-05-31,110,86.97,2,41.47,330,False,Low
445,Liu,Rivera,Perth,2024-04-24,450,377.25,10,37.57,732,False,Medium
446,Jessica,Robinson,Brisbane,2023-05-07,636,494.04,23,22.89,1085,False,Medium
447,Wang,Lewis,Sydney,2022-05-11,1746,1370.24,36,38.07,1446,True,High
448,Morgan,Pham,Melbourne,2023-02-08,215,184.14,14,12.0,1173,False,Low
449,Lily,Patel,Perth,2022-12-05,179,142.41,4,37.1,1238,False,Low
450,Jessica,Wilson,Sydney,2025-08-06,30,25.58,1,35.37,263,False,Low
451,Ava,Lewis,Perth,2025-06-03,574,461.36,19,25.37,327,False,Medium
452,Daniel,Williams,Sydney,2022-06-21,256,233.73,6,43.6,1405,False,Medium
453,Lucas,Campbell,Sydney,2024-01-27,164,148.55,8,17.01,820,False,Low
454,Ryan,Scott,Sydney,2022-08-14,866,674.28,25,27.08,1351,True,High
455,Ethan,Hoang,Sydney,2022-07-04,63,49.74,1,38.16,1392,False,Low
456,Nguyen,Harris,Melbourne,2024-12-14,203,162.35,6,23.23,498,False,Low
457,Sam,Clark,Sydney,2022-11-25,52,42.81,1,28.99,1248,False,Low
458,Ryan,Allen,Darwin,2026-02-28,91,89.9,4,24.51,57,False,Low
459,Anh,Morris,Brisbane,2024-09-19,60,50.43,2,24.13,584,False,Low
460,Kim,White,Sydney,2024-09-07,19,15.77,1,24.99,596,False,Low
461,Alex,Johnson,Brisbane,2023-03-24,12,10.19,1,20.81,1129,False,Low
462,Jamie,Shah,Adelaide,2022-10-02,413,361.36,9,39.58,1302,False,Medium
463,Isabella,Do,Perth,2023-10-31,370,281.22,11,26.7,908,False,Medium
464,Chen,Rogers,Sydney,2025-09-05,162,135.51,5,33.73,233,False,Low
465,Henry,Collins,Adelaide,2023-10-01,1255,1014.95,31,33.17,938,True,High
466,Chen,Shah,Perth,2025-03-08,125,98.79,7,14.77,414,False,Low
467,Lily,White,Sydney,2022-05-20,253,226.18,4,50.84,1437,False,Medium
468,Jamie,Smith,Sydney,2024-04-16,974,801.16,17,47.56,740,True,High
469,Taylor,Brown,Melbourne,2023-07-27,149,114.2,1,106.52,1004,False,Low
470,Hannah,Cook,Sydney,2023-10-27,1130,840.0,28,30.09,912,True,High
471,Lucas,Sharma,Perth,2023-12-07,215,178.96,6,26.76,871,False,Low
472,Sophie,Joshi,Melbourne,2024-01-30,1704,1442.98,34,41.93,817,True,High
473,Dylan,Taylor,Adelaide,2024-12-09,85,69.45,1,51.81,503,False,Low
474,Kim,Le,Brisbane,2023-09-18,738,604.79,20,31.54,951,True,High
475,Casey,Nelson,Sydney,2023-12-21,151,115.54,6,18.74,857,False,Low
476,Charlotte,Campbell,Sydney,2022-09-28,4035,3601.68,46,78.05,1306,True,High
477,Zhang,Tran,Brisbane,2025-07-20,67,56.68,2,25.48,280,False,Low
478,Mia,Edwards,Perth,2026-02-18,586,527.65,10,51.81,67,True,High
479,Grace,Vu,Perth,2024-11-01,1932,1726.38,29,59.5,541,True,High
480,Lauren,Murphy,Sydney,2024-08-05,266,215.91,7,32.44,629,False,Medium
481,Chloe,Rivera,Sydney,2023-04-26,165,130.54,5,31.2,1096,False,Low
482,Zhang,Campbell,Sydney,2023-05-15,254,221.68,8,28.92,1077,False,Medium
483,Emma,Robinson,Brisbane,2022-10-30,375,297.29,8,32.14,1274,False,Medium
484,Sarah,Anderson,Sydney,2023-09-01,461,357.56,7,52.12,968,False,Medium
485,Emily,Patel,Melbourne,2025-03-23,146,107.71,6,22.85,399,False,Low
486,Lucas,Morris,Brisbane,2024-04-09,1053,873.46,21,41.07,747,True,High
487,Sophie,Anderson,Adelaide,2024-04-27,52,45.59,2,16.38,729,False,Low
488,Tom,Scott,Melbourne,2024-07-02,43,37.97,1,18.66,663,False,Low
489,Alex,Scott,Sydney,2025-06-17,838,753.52,18,41.47,313,True,High
490,Emma,Walker,Brisbane,2025-03-14,462,355.22,18,19.03,408,False,Medium
491,Benjamin,Edwards,Brisbane,2022-11-29,854,791.6,8,95.5,1244,True,High
492,Liu,Morris,Melbourne,2022-07-23,237,183.02,10,19.42,1373,False,Low
493,Zoe,Turner,Adelaide,2024-08-28,192,169.5,6,30.61,606,False,Low
501,Marcus,Lee,Sydney,2021-03-15,14760,12300.0,48,256.25,1868,True,High
502,Gary,McSnarl,Melbourne,2023-06-01,42,34.9,1,34.9,1060,False,Low
503,Nina,Patel,Brisbane,2024-11-10,0,0.0,0,0.0,0,False,Low
504,Jake,Nguyen,Melbourne,2024-02-20,408,340.0,7,48.57,796,False,Medium
505,Bev,O'Brien,Sydney,2019-07-04,3890,3240.0,62,52.26,2488,True,High
506,Amara,Diallo,Perth,2025-12-01,1056,880.0,14,62.86,146,True,High
507,Priya,Sharma,Melbourne,2023-01-15,520,433.0,11,39.36,1197,False,Medium
